Name,Vendor,ExpectedLocations,VulnerableExecutablePath,URL
acrodistdll.dll,Adobe,c:\program files (x86)\Adobe\Acrobat,c:\program files (x86)\Adobe\Acrobat %VERSION%\Acrobat\AcroDist.exe,https://hijacklibs.net/entries/3rd_party/adobe/acrodistdll.html
acrodistdll.dll,Adobe,c:\program files\Adobe\Acrobat,c:\program files\Adobe\Acrobat %VERSION%\Acrobat\AcroDist.exe,https://hijacklibs.net/entries/3rd_party/adobe/acrodistdll.html
ashldres.dll,McAfee,c:\program files\McAfee.com\VSO,mcvsshld.exe,https://hijacklibs.net/entries/3rd_party/mcafee/ashldres.html
ashldres.dll,McAfee,c:\program files (x86)\McAfee.com\VSO,mcvsshld.exe,https://hijacklibs.net/entries/3rd_party/mcafee/ashldres.html
asio.dll,Asus,c:\program files\ASUS\AXSP\,c:\program files\ASUS\AXSP\4.02.12\atkexComSvc.exe,https://hijacklibs.net/entries/3rd_party/asus/asio.html
asio.dll,Asus,c:\program files (x86)\ASUS\AXSP\,c:\program files (x86)\ASUS\AXSP\4.02.12\atkexComSvc.exe,https://hijacklibs.net/entries/3rd_party/asus/asio.html
avutil.dll,VSO Software,c:\program files\VSO\ConvertX\7,c:\program files\VSO\ConvertX\7\ConvertXToDVD.exe,https://hijacklibs.net/entries/3rd_party/vsosoftware/avutil.html
avutil.dll,VSO Software,c:\program files\VSO\convertXtoDVD,c:\program files\VSO\ConvertX\7\ConvertXToDVD.exe,https://hijacklibs.net/entries/3rd_party/vsosoftware/avutil.html
avutil.dll,VSO Software,c:\program files\Common Files\Oracle\Java\javapath,c:\program files\VSO\ConvertX\7\ConvertXToDVD.exe,https://hijacklibs.net/entries/3rd_party/vsosoftware/avutil.html
avutil.dll,VSO Software,c:\program files (x86)\VSO\ConvertX\7,c:\program files (x86)\VSO\ConvertX\7\ConvertXToDVD.exe,https://hijacklibs.net/entries/3rd_party/vsosoftware/avutil.html
avutil.dll,VSO Software,c:\program files (x86)\VSO\convertXtoDVD,c:\program files (x86)\VSO\ConvertX\7\ConvertXToDVD.exe,https://hijacklibs.net/entries/3rd_party/vsosoftware/avutil.html
avutil.dll,VSO Software,c:\program files (x86)\Common Files\Oracle\Java\javapath,c:\program files (x86)\VSO\ConvertX\7\ConvertXToDVD.exe,https://hijacklibs.net/entries/3rd_party/vsosoftware/avutil.html
chrome_frame_helper.dll,Google,\appdata\local\Google\Chrome\Application,chrome_frame_helper.exe,https://hijacklibs.net/entries/3rd_party/google/chrome_frame_helper.html
chrome_frame_helper.dll,Google,c:\program files\Google\Chrome\Application,chrome_frame_helper.exe,https://hijacklibs.net/entries/3rd_party/google/chrome_frame_helper.html
chrome_frame_helper.dll,Google,\appdata\local\Google\Chrome\Application,chrome_frame_helper.exe,https://hijacklibs.net/entries/3rd_party/google/chrome_frame_helper.html
chrome_frame_helper.dll,Google,c:\program files (x86)\Google\Chrome\Application,chrome_frame_helper.exe,https://hijacklibs.net/entries/3rd_party/google/chrome_frame_helper.html
ci.dll,Digiarty,c:\program files (x86)\Digiarty\WinX Blu-ray Decrypter,c:\program files (x86)\Digiarty\WinX Blu-ray Decrypter\WinX Blu-ray Decrypter.exe,https://hijacklibs.net/entries/3rd_party/digiarty/ci.html
ci.dll,Digiarty,c:\program files\Digiarty\WinX Blu-ray Decrypter,c:\program files\Digiarty\WinX Blu-ray Decrypter\WinX Blu-ray Decrypter.exe,https://hijacklibs.net/entries/3rd_party/digiarty/ci.html
ciscosparklauncher.dll,Cisco,\appdata\local\CiscoSparkLauncher,CiscoCollabHost.exe,https://hijacklibs.net/entries/3rd_party/cisco/ciscosparklauncher.html
classicexplorer32.dll,Classic Shell,c:\program files (x86)\Classic Shell,ClassicExplorerSettings.exe,https://hijacklibs.net/entries/3rd_party/classicshell/classicexplorer32.html
classicexplorer32.dll,Classic Shell,c:\program files (x86)\Open-Shell,ClassicExplorerSettings.exe,https://hijacklibs.net/entries/3rd_party/classicshell/classicexplorer32.html
classicexplorer32.dll,Classic Shell,c:\program files\Classic Shell,ClassicExplorerSettings.exe,https://hijacklibs.net/entries/3rd_party/classicshell/classicexplorer32.html
classicexplorer32.dll,Classic Shell,c:\program files\Open-Shell,ClassicExplorerSettings.exe,https://hijacklibs.net/entries/3rd_party/classicshell/classicexplorer32.html
corefoundation.dll,Apple,c:\program files (x86)\Common Files\Apple\Apple Application Support,c:\program files (x86)\iTunes\ituneshelper.exe,https://hijacklibs.net/entries/3rd_party/apple/corefoundation.html
corefoundation.dll,Apple,c:\program files\Common Files\Apple\Apple Application Support,c:\program files\iTunes\ituneshelper.exe,https://hijacklibs.net/entries/3rd_party/apple/corefoundation.html
corefoundation.dll,Apple,c:\windows\system32\,c:\program files\iTunes\ituneshelper.exe,https://hijacklibs.net/entries/3rd_party/apple/corefoundation.html
fnp_act_installer.dll,Flexera,c:\program files\InstallShield\,c:\program files\InstallShield\%VERSION%\System\TSConfig.exe,https://hijacklibs.net/entries/3rd_party/flexera/fnp_act_installer.html
fnp_act_installer.dll,Flexera,c:\program files (x86)\InstallShield\,c:\program files (x86)\InstallShield\%VERSION%\System\TSConfig.exe,https://hijacklibs.net/entries/3rd_party/flexera/fnp_act_installer.html
glib-2.0.dll,VMWare,c:\program files\VMware\VMware Tools,c:\program files\VMware\VMware Tools\VMwareXferlogs.exe,https://hijacklibs.net/entries/3rd_party/vmware/glib-2.0.html
glib-2.0.dll,VMWare,c:\program files\VMware\VMware Workstation,c:\program files\VMware\VMware Tools\VMwareXferlogs.exe,https://hijacklibs.net/entries/3rd_party/vmware/glib-2.0.html
glib-2.0.dll,VMWare,c:\program files\VMware\VMware Player,c:\program files\VMware\VMware Tools\VMwareXferlogs.exe,https://hijacklibs.net/entries/3rd_party/vmware/glib-2.0.html
glib-2.0.dll,VMWare,c:\program files (x86)\VMware\VMware Tools,c:\program files (x86)\VMware\VMware Tools\VMwareXferlogs.exe,https://hijacklibs.net/entries/3rd_party/vmware/glib-2.0.html
glib-2.0.dll,VMWare,c:\program files (x86)\VMware\VMware Workstation,c:\program files (x86)\VMware\VMware Tools\VMwareXferlogs.exe,https://hijacklibs.net/entries/3rd_party/vmware/glib-2.0.html
glib-2.0.dll,VMWare,c:\program files (x86)\VMware\VMware Player,c:\program files (x86)\VMware\VMware Tools\VMwareXferlogs.exe,https://hijacklibs.net/entries/3rd_party/vmware/glib-2.0.html
hpcustpartui.dll,HP,c:\program files (x86)\HP,HPCustParticUI.exe,https://hijacklibs.net/entries/3rd_party/hp/hpcustpartui.html
hpcustpartui.dll,HP,c:\program files\HP,HPCustParticUI.exe,https://hijacklibs.net/entries/3rd_party/hp/hpcustpartui.html
hpqhvsei.dll,HP,c:\program files\HP,hpqhvind.exe,https://hijacklibs.net/entries/3rd_party/hp/hpqhvsei.html
hpqhvsei.dll,HP,c:\program files (x86)\HP,hpqhvind.exe,https://hijacklibs.net/entries/3rd_party/hp/hpqhvsei.html
libcef.dll,Nvidia,c:\program files\NVIDIA Corporation\NVIDIA GeForce Experience,%Program Files (x86)\NVIDIA Corporation\NVIDIA GeForce Experience\NVIDA Share.exe,https://hijacklibs.net/entries/3rd_party/nvidia/libcef.html
libcef.dll,Nvidia,c:\program files (x86)\NVIDIA Corporation\NVIDIA GeForce Experience,%Program Files (x86)\NVIDIA Corporation\NVIDIA GeForce Experience\NVIDA Share.exe,https://hijacklibs.net/entries/3rd_party/nvidia/libcef.html
libcurl.dll,curl,c:\program files\Notepad++\updater,c:\program files\Notepad++\updater\GUP.exe,https://hijacklibs.net/entries/3rd_party/curl/libcurl.html
libcurl.dll,curl,c:\program files (x86)\Notepad++\updater,c:\program files (x86)\Notepad++\updater\GUP.exe,https://hijacklibs.net/entries/3rd_party/curl/libcurl.html
libeay32.dll,PSPad,c:\program files\PSPad editor,c:\program files\PSPad editor\PSPad.exe,https://hijacklibs.net/entries/3rd_party/pspad/libeay32.html
libeay32.dll,PSPad,c:\program files (x86)\PSPad editor,c:\program files (x86)\PSPad editor\PSPad.exe,https://hijacklibs.net/entries/3rd_party/pspad/libeay32.html
libglib-2.0-0.dll,Wireshark,c:\program files\Wireshark,c:\program files\Wireshark\Mergecap.exe,https://hijacklibs.net/entries/3rd_party/wireshark/libglib-2.0-0.html
libglib-2.0-0.dll,Wireshark,c:\program files (x86)\Wireshark,c:\program files (x86)\Wireshark\Mergecap.exe,https://hijacklibs.net/entries/3rd_party/wireshark/libglib-2.0-0.html
libvlc.dll,VLC,c:\program files\VideoLAN\VLC,c:\program files\VideoLAN\VLC\vlc.exe,https://hijacklibs.net/entries/3rd_party/vlc/libvlc.html
libvlc.dll,VLC,c:\program files (x86)\VideoLAN\VLC,c:\program files (x86)\VideoLAN\VLC\vlc.exe,https://hijacklibs.net/entries/3rd_party/vlc/libvlc.html
libvlccore.dll,VLC,c:\program files\VideoLAN\VLC,c:\program files\VideoLAN\VLC\vlc.exe,https://hijacklibs.net/entries/3rd_party/vlc/libvlccore.html
libvlccore.dll,VLC,c:\program files (x86)\VideoLAN\VLC,c:\program files (x86)\VideoLAN\VLC\vlc.exe,https://hijacklibs.net/entries/3rd_party/vlc/libvlccore.html
libwsutil.dll,Wireshark,c:\program files\Wireshark,c:\program files\Wireshark\Mergecap.exe,https://hijacklibs.net/entries/3rd_party/wireshark/libwsutil.html
libwsutil.dll,Wireshark,c:\program files (x86)\Wireshark,c:\program files (x86)\Wireshark\Mergecap.exe,https://hijacklibs.net/entries/3rd_party/wireshark/libwsutil.html
libxfont-1.dll,Mobatek,c:\program files (x86)\Mobatek\MobaXterm Personal Edition,c:\program files (x86)\Mobatek\MobaXterm Personal Edition\MobaXterm.exe,https://hijacklibs.net/entries/3rd_party/mobatek/libxfont-1.html
libxfont-1.dll,Mobatek,c:\program files (x86)\Mobatek\MobaXterm,c:\program files (x86)\Mobatek\MobaXterm Personal Edition\MobaXterm.exe,https://hijacklibs.net/entries/3rd_party/mobatek/libxfont-1.html
libxfont-1.dll,Mobatek,c:\program files\Mobatek\MobaXterm Personal Edition,c:\program files\Mobatek\MobaXterm Personal Edition\MobaXterm.exe,https://hijacklibs.net/entries/3rd_party/mobatek/libxfont-1.html
libxfont-1.dll,Mobatek,c:\program files\Mobatek\MobaXterm,c:\program files\Mobatek\MobaXterm Personal Edition\MobaXterm.exe,https://hijacklibs.net/entries/3rd_party/mobatek/libxfont-1.html
lmiguardiandll.dll,LogMeIn,c:\program files (x86)\LogMeIn,LMIGuardianSvc.exe,https://hijacklibs.net/entries/3rd_party/logmein/lmiguardiandll.html
lmiguardiandll.dll,LogMeIn,c:\program files (x86)\LogMeIn\x86,LMIGuardianSvc.exe,https://hijacklibs.net/entries/3rd_party/logmein/lmiguardiandll.html
lmiguardiandll.dll,LogMeIn,c:\program files (x86)\LogMeIn\x64,LMIGuardianSvc.exe,https://hijacklibs.net/entries/3rd_party/logmein/lmiguardiandll.html
lmiguardiandll.dll,LogMeIn,c:\program files\LogMeIn,LMIGuardianSvc.exe,https://hijacklibs.net/entries/3rd_party/logmein/lmiguardiandll.html
lmiguardiandll.dll,LogMeIn,c:\program files\LogMeIn\x86,LMIGuardianSvc.exe,https://hijacklibs.net/entries/3rd_party/logmein/lmiguardiandll.html
lmiguardiandll.dll,LogMeIn,c:\program files\LogMeIn\x64,LMIGuardianSvc.exe,https://hijacklibs.net/entries/3rd_party/logmein/lmiguardiandll.html
lockdown.dll,McAfee,c:\program files (x86)\McAfee\VirusScan Enterprise,mfeann.exe,https://hijacklibs.net/entries/3rd_party/mcafee/lockdown.html
lockdown.dll,McAfee,c:\program files\McAfee\VirusScan Enterprise,mfeann.exe,https://hijacklibs.net/entries/3rd_party/mcafee/lockdown.html
log.dll,BitDefender,c:\program files (x86)\Bitdefender Antivirus Free,c:\program files (x86)\Bitdefender Antivirus Free\BDReinit.exe,https://hijacklibs.net/entries/3rd_party/bitdefender/log.html
log.dll,BitDefender,c:\program files\Bitdefender Antivirus Free,c:\program files\Bitdefender Antivirus Free\BDReinit.exe,https://hijacklibs.net/entries/3rd_party/bitdefender/log.html
mediainfo_i386.dll,MediaInfo,c:\program files\MediaInfo,c:\program files\MediaInfo\MediaInfo.exe,https://hijacklibs.net/entries/3rd_party/mediainfo/mediainfo_i386.html
mediainfo_i386.dll,MediaInfo,c:\program files (x86)\MediaInfo,c:\program files (x86)\MediaInfo\MediaInfo.exe,https://hijacklibs.net/entries/3rd_party/mediainfo/mediainfo_i386.html
mimetools.dll,Notepad++,c:\program files\Notepad++\plugins,c:\program files\Notepad++\notepad++.exe,https://hijacklibs.net/entries/3rd_party/notepad++/mimetools.html
mimetools.dll,Notepad++,c:\program files\Notepad++\plugins\mimetools,c:\program files\Notepad++\notepad++.exe,https://hijacklibs.net/entries/3rd_party/notepad++/mimetools.html
mimetools.dll,Notepad++,c:\program files (x86)\Notepad++\plugins,c:\program files (x86)\Notepad++\notepad++.exe,https://hijacklibs.net/entries/3rd_party/notepad++/mimetools.html
mimetools.dll,Notepad++,c:\program files (x86)\Notepad++\plugins\mimetools,c:\program files (x86)\Notepad++\notepad++.exe,https://hijacklibs.net/entries/3rd_party/notepad++/mimetools.html
mozglue.dll,Mozilla,c:\program files\SeaMonkey,c:\program files\SeaMonkey\seamonkey.exe,https://hijacklibs.net/entries/3rd_party/mozilla/mozglue.html
mozglue.dll,Mozilla,c:\program files\Mozilla Firefox,c:\program files\SeaMonkey\seamonkey.exe,https://hijacklibs.net/entries/3rd_party/mozilla/mozglue.html
mozglue.dll,Mozilla,c:\program files\Mozilla Thunderbird,c:\program files\SeaMonkey\seamonkey.exe,https://hijacklibs.net/entries/3rd_party/mozilla/mozglue.html
mozglue.dll,Mozilla,c:\program files (x86)\SeaMonkey,c:\program files (x86)\SeaMonkey\seamonkey.exe,https://hijacklibs.net/entries/3rd_party/mozilla/mozglue.html
mozglue.dll,Mozilla,c:\program files (x86)\Mozilla Firefox,c:\program files (x86)\SeaMonkey\seamonkey.exe,https://hijacklibs.net/entries/3rd_party/mozilla/mozglue.html
mozglue.dll,Mozilla,c:\program files (x86)\Mozilla Thunderbird,c:\program files (x86)\SeaMonkey\seamonkey.exe,https://hijacklibs.net/entries/3rd_party/mozilla/mozglue.html
nvsmartmax.dll,Nvidia,c:\program files\NVIDIA Corporation\Display,c:\program files\NVIDIA Corporation\Display\nvSmartEx.exe,https://hijacklibs.net/entries/3rd_party/nvidia/nvsmartmax.html
nvsmartmax.dll,Nvidia,c:\program files (x86)\NVIDIA Corporation\Display,c:\program files (x86)\NVIDIA Corporation\Display\nvSmartEx.exe,https://hijacklibs.net/entries/3rd_party/nvidia/nvsmartmax.html
opera_elf.dll,Opera,\appdata\local\programs\opera\,\appdata\local\programs\opera\%VERSION%\opera.exe,https://hijacklibs.net/entries/3rd_party/opera/opera_elf.html
python310.dll,Python,c:\program files\Python310,pythonw.exe,https://hijacklibs.net/entries/3rd_party/python/python310.html
python310.dll,Python,\appdata\local\Temp\,pythonw.exe,https://hijacklibs.net/entries/3rd_party/python/python310.html
python310.dll,Python,c:\program files\DWAgent\runtime,pythonw.exe,https://hijacklibs.net/entries/3rd_party/python/python310.html
python310.dll,Python,C:\Users\,pythonw.exe,https://hijacklibs.net/entries/3rd_party/python/python310.html
python310.dll,Python,c:\program files (x86)\Python310,pythonw.exe,https://hijacklibs.net/entries/3rd_party/python/python310.html
python310.dll,Python,\appdata\local\Temp\,pythonw.exe,https://hijacklibs.net/entries/3rd_party/python/python310.html
python310.dll,Python,c:\program files (x86)\DWAgent\runtime,pythonw.exe,https://hijacklibs.net/entries/3rd_party/python/python310.html
python39.dll,Python,c:\program files\Python39,python39.exe,https://hijacklibs.net/entries/3rd_party/python/python39.html
python39.dll,Python,\appdata\local\Temp\,python39.exe,https://hijacklibs.net/entries/3rd_party/python/python39.html
python39.dll,Python,c:\program files\Microsoft Visual Studio\2022\Community\Common7\IDE\CommonExtensions\Microsoft\VC\SecurityIssueAnalysis\python,python39.exe,https://hijacklibs.net/entries/3rd_party/python/python39.html
python39.dll,Python,C:\Users\,python39.exe,https://hijacklibs.net/entries/3rd_party/python/python39.html
python39.dll,Python,c:\program files (x86)\Python39,python39.exe,https://hijacklibs.net/entries/3rd_party/python/python39.html
python39.dll,Python,\appdata\local\Temp\,python39.exe,https://hijacklibs.net/entries/3rd_party/python/python39.html
python39.dll,Python,c:\program files (x86)\Microsoft Visual Studio\2022\Community\Common7\IDE\CommonExtensions\Microsoft\VC\SecurityIssueAnalysis\python,python39.exe,https://hijacklibs.net/entries/3rd_party/python/python39.html
qt5core.dll,Electronic Arts,c:\program files\Electronic Arts\EA Desktop\EA Desktop,c:\program files\Electronic Arts\EA Desktop\EA Desktop\EASteamProxy.exe,https://hijacklibs.net/entries/3rd_party/electronicarts/qt5core.html
qt5core.dll,Electronic Arts,c:\program files (x86)\Electronic Arts\EA Desktop\EA Desktop,c:\program files (x86)\Electronic Arts\EA Desktop\EA Desktop\EASteamProxy.exe,https://hijacklibs.net/entries/3rd_party/electronicarts/qt5core.html
rastls.dll,Symantec,c:\program files\Symantec\Network Connected Devices Auto Setup,c:\program files\Symantec\Network Connected Devices Auto Setup\rastlsc.exe,https://hijacklibs.net/entries/3rd_party/symantec/rastls.html
rastls.dll,Symantec,c:\program files (x86)\Symantec\Network Connected Devices Auto Setup,c:\program files (x86)\Symantec\Network Connected Devices Auto Setup\rastlsc.exe,https://hijacklibs.net/entries/3rd_party/symantec/rastls.html
register.dll,IObit,c:\program files\IObit\Driver Booster\,c:\program files\IObit\Driver Booster\%VERSION%\DriverBooster.exe,https://hijacklibs.net/entries/3rd_party/iobit/register.html
register.dll,IObit,c:\program files (x86)\IObit\Driver Booster\,c:\program files (x86)\IObit\Driver Booster\%VERSION%\DriverBooster.exe,https://hijacklibs.net/entries/3rd_party/iobit/register.html
shfolder.dll,VMWare,c:\windows\system32\,c:\windows\system32\\VMNat.exe,https://hijacklibs.net/entries/3rd_party/vmware/shfolder.html
shfolder.dll,VMWare,c:\windows\syswow64\,c:\windows\system32\\VMNat.exe,https://hijacklibs.net/entries/3rd_party/vmware/shfolder.html
sqlite.dll,Adobe,c:\program files\Adobe\Acrobat Reader DC\Reader,c:\program files\Adobe\Acrobat Reader DC\Reader\AcroBroker.exe,https://hijacklibs.net/entries/3rd_party/adobe/sqlite.html
sqlite.dll,SoftPerfect,c:\program files (x86)\NetWorx,c:\program files (x86)\NetWorx\networx.exe,https://hijacklibs.net/entries/3rd_party/softperfect/sqlite.html
sqlite.dll,Adobe,c:\program files (x86)\Adobe\Acrobat Reader DC\Reader,c:\program files (x86)\Adobe\Acrobat Reader DC\Reader\AcroBroker.exe,https://hijacklibs.net/entries/3rd_party/adobe/sqlite.html
sqlite.dll,SoftPerfect,c:\program files\NetWorx,c:\program files\NetWorx\networx.exe,https://hijacklibs.net/entries/3rd_party/softperfect/sqlite.html
tmtap.dll,Trend Micro,C:\Program Files (x86)\Trend Micro\,c:\program files\trend micro\passwordmanager\pwmsvc.exe,https://hijacklibs.net/entries/3rd_party/trendmicro/tmtap.html
tpsvc.dll,ThinPrint,c:\program files (x86)\VMWare\VMWare Tools,TPAutoConnect.exe,https://hijacklibs.net/entries/3rd_party/thinprint/tpsvc.html
tpsvc.dll,ThinPrint,c:\program files (x86)\Common Files\ThinPrint,TPAutoConnect.exe,https://hijacklibs.net/entries/3rd_party/thinprint/tpsvc.html
tpsvc.dll,ThinPrint,c:\program files\VMWare\VMWare Tools,TPAutoConnect.exe,https://hijacklibs.net/entries/3rd_party/thinprint/tpsvc.html
tpsvc.dll,ThinPrint,c:\program files\Common Files\ThinPrint,TPAutoConnect.exe,https://hijacklibs.net/entries/3rd_party/thinprint/tpsvc.html
unityplayer.dll,Unity,\appdata\local\Temp\Windows,KingdomTwoCrowns.exe,https://hijacklibs.net/entries/3rd_party/unity/unityplayer.html
vboxrt.dll,Oracle,c:\program files (x86)\Oracle\VirtualBox,c:\program files (x86)\Oracle\VirtualBox\VBoxSVC.exe,https://hijacklibs.net/entries/3rd_party/oracle/vboxrt.html
vboxrt.dll,Oracle,c:\program files\Oracle\VirtualBox,c:\program files\Oracle\VirtualBox\VBoxSVC.exe,https://hijacklibs.net/entries/3rd_party/oracle/vboxrt.html
vivaldi_elf.dll,Vivaldi,\appdata\local\Vivaldi\Application,\appdata\local\Vivaldi\Application\vivaldi.exe,https://hijacklibs.net/entries/3rd_party/vivaldi/vivaldi_elf.html
vivaldi_elf.dll,Vivaldi,\appdata\local\Vivaldi\Application\,\appdata\local\Vivaldi\Application\vivaldi.exe,https://hijacklibs.net/entries/3rd_party/vivaldi/vivaldi_elf.html
vmtools.dll,VMWare,c:\program files (x86)\VMware\VMware Tools,c:\program files (x86)\VMware\VMware Tools\rvmSetup.exe,https://hijacklibs.net/entries/3rd_party/vmware/vmtools.html
vmtools.dll,VMWare,c:\program files (x86)\VMware\VMware Workstation,c:\program files (x86)\VMware\VMware Tools\rvmSetup.exe,https://hijacklibs.net/entries/3rd_party/vmware/vmtools.html
vmtools.dll,VMWare,c:\program files (x86)\VMware\VMware Player,c:\program files (x86)\VMware\VMware Tools\rvmSetup.exe,https://hijacklibs.net/entries/3rd_party/vmware/vmtools.html
vmtools.dll,VMWare,c:\program files\VMware\VMware Tools,c:\program files\VMware\VMware Tools\rvmSetup.exe,https://hijacklibs.net/entries/3rd_party/vmware/vmtools.html
vmtools.dll,VMWare,c:\program files\VMware\VMware Workstation,c:\program files\VMware\VMware Tools\rvmSetup.exe,https://hijacklibs.net/entries/3rd_party/vmware/vmtools.html
vmtools.dll,VMWare,c:\program files\VMware\VMware Player,c:\program files\VMware\VMware Tools\rvmSetup.exe,https://hijacklibs.net/entries/3rd_party/vmware/vmtools.html
vsodscpl.dll,McAfee,c:\program files\McAfee\VirusScan Enterprise,scncfg32.exe,https://hijacklibs.net/entries/3rd_party/mcafee/vsodscpl.html
vsodscpl.dll,McAfee,c:\program files (x86)\McAfee\VirusScan Enterprise,scncfg32.exe,https://hijacklibs.net/entries/3rd_party/mcafee/vsodscpl.html
wcldll.dll,Cisco,c:\program files (x86)\Cisco Systems\Cisco Jabber,c:\program files (x86)\Webex\Applications\ptInst.exe,https://hijacklibs.net/entries/3rd_party/cisco/wcldll.html
wcldll.dll,Cisco,c:\program files (x86)\Webex\Applications,c:\program files (x86)\Webex\Applications\ptInst.exe,https://hijacklibs.net/entries/3rd_party/cisco/wcldll.html
wcldll.dll,Cisco,c:\program files (x86)\Webex\Plugins,c:\program files (x86)\Webex\Applications\ptInst.exe,https://hijacklibs.net/entries/3rd_party/cisco/wcldll.html
wcldll.dll,Cisco,c:\program files\Cisco Systems\Cisco Jabber,c:\program files\Webex\Applications\ptInst.exe,https://hijacklibs.net/entries/3rd_party/cisco/wcldll.html
wcldll.dll,Cisco,c:\program files\Webex\Applications,c:\program files\Webex\Applications\ptInst.exe,https://hijacklibs.net/entries/3rd_party/cisco/wcldll.html
wcldll.dll,Cisco,c:\program files\Webex\Plugins,c:\program files\Webex\Applications\ptInst.exe,https://hijacklibs.net/entries/3rd_party/cisco/wcldll.html
winutils.dll,Palo Alto,c:\program files (x86)\Palo Alto Networks\Traps,c:\program files (x86)\Palo Alto Networks\Traps\cydump.exe,https://hijacklibs.net/entries/3rd_party/paloalto/winutils.html
winutils.dll,Palo Alto,c:\program files\Palo Alto Networks\Traps,c:\program files\Palo Alto Networks\Traps\cydump.exe,https://hijacklibs.net/entries/3rd_party/paloalto/winutils.html
